index,fold,stratum,rows,model_count,models
0,0,single_model,4,1,deepai
1,2,single_model,4,1,deepai
2,2,two_model,8,2,deepai+dreamStudio
3,3,two_model,8,2,deepai+dreamStudio
4,1,two_model,8,2,deepai+dreamStudio
5,3,two_model,8,2,deepai+dreamStudio
6,3,two_model,8,2,deepai+dreamStudio
7,3,single_model,4,1,deepai
8,2,single_model,4,1,deepai
9,1,single_model,4,1,deepai
10,2,two_model,8,2,deepai+dreamStudio
11,0,two_model,8,2,deepai+dreamStudio
12,2,two_model,8,2,deepai+dreamStudio
13,2,two_model,8,2,deepai+dreamStudio
14,1,two_model,8,2,deepai+dreamStudio
15,0,single_model,4,1,deepai
16,1,single_model,4,1,deepai
17,4,two_model,8,2,deepai+dreamStudio
18,0,two_model,8,2,deepai+dreamStudio
19,3,two_model,8,2,deepai+dreamStudio
20,4,two_model,8,2,deepai+dreamStudio
21,4,two_model,8,2,deepai+dreamStudio
22,1,single_model,4,1,deepai
23,4,single_model,4,1,deepai
24,0,single_model,4,1,deepai
25,0,two_model,8,2,deepai+dreamStudio
26,0,two_model,8,2,deepai+dreamStudio
27,1,two_model,8,2,deepai+dreamStudio
28,2,two_model,8,2,deepai+dreamStudio
29,3,two_model,8,2,deepai+dreamStudio
30,0,single_model,4,1,deepai
31,3,single_model,4,1,deepai
32,1,single_model,4,1,deepai
33,4,single_model,4,1,deepai
34,3,single_model,4,1,deepai
35,2,single_model,4,1,deepai
36,4,single_model,4,1,deepai
37,2,single_model,4,1,deepai
38,4,single_model,4,1,deepai
39,2,single_model,4,1,deepai
40,3,single_model,4,1,deepai
41,1,single_model,4,1,deepai
42,1,single_model,4,1,deepai
43,4,single_model,4,1,deepai
44,2,single_model,4,1,deepai
45,3,single_model,4,1,deepai
46,1,single_model,4,1,deepai
47,4,single_model,4,1,deepai
48,0,single_model,4,1,deepai
49,4,single_model,4,1,deepai
50,1,single_model,4,1,deepai
51,1,single_model,4,1,deepai
52,2,single_model,4,1,deepai
53,0,single_model,4,1,deepai
54,0,single_model,4,1,deepai
55,3,single_model,4,1,deepai
56,1,single_model,4,1,deepai
57,4,single_model,4,1,deepai
58,1,single_model,4,1,deepai
59,3,single_model,4,1,deepai
60,0,single_model,4,1,deepai
61,0,single_model,4,1,deepai
62,4,two_model,8,2,deepai+dreamStudio
63,0,two_model,8,2,deepai+dreamStudio
64,0,two_model,8,2,deepai+dreamStudio
65,2,two_model,8,2,deepai+dreamStudio
66,0,two_model,8,2,deepai+dreamStudio
67,3,single_model,4,1,deepai
68,0,single_model,4,1,deepai
69,0,single_model,4,1,deepai
70,2,two_model,8,2,deepai+dreamStudio
71,1,two_model,8,2,deepai+dreamStudio
72,0,two_model,8,2,deepai+dreamStudio
73,4,two_model,8,2,deepai+dreamStudio
74,4,two_model,8,2,deepai+dreamStudio
75,4,single_model,4,1,deepai
76,2,single_model,4,1,deepai
77,2,two_model,8,2,deepai+dreamStudio
78,4,two_model,8,2,deepai+dreamStudio
79,2,two_model,8,2,deepai+dreamStudio
80,3,two_model,8,2,deepai+dreamStudio
81,3,two_model,8,2,deepai+dreamStudio
82,0,single_model,4,1,deepai
83,1,single_model,4,1,deepai
84,0,single_model,4,1,deepai
85,0,two_model,8,2,deepai+dreamStudio
86,3,two_model,8,2,deepai+dreamStudio
87,1,two_model,8,2,deepai+dreamStudio
88,3,two_model,8,2,deepai+dreamStudio
89,0,two_model,8,2,deepai+dreamStudio
90,1,single_model,4,1,deepai
91,4,single_model,4,1,deepai
92,3,two_model,8,2,deepai+dreamStudio
93,3,two_model,8,2,deepai+dreamStudio
94,3,two_model,8,2,deepai+dreamStudio
95,4,two_model,8,2,deepai+dreamStudio
96,2,two_model,8,2,deepai+dreamStudio
97,0,single_model,4,1,deepai
98,2,single_model,4,1,deepai
99,4,single_model,4,1,deepai
100,0,two_model,8,2,deepai+dreamStudio
101,1,two_model,8,2,deepai+dreamStudio
102,0,two_model,8,2,deepai+dreamStudio
103,4,two_model,8,2,deepai+dreamStudio
104,2,two_model,8,2,deepai+dreamStudio
105,1,single_model,4,1,deepai
106,1,single_model,4,1,deepai
107,1,two_model,8,2,deepai+dreamStudio
108,4,two_model,8,2,deepai+dreamStudio
109,0,two_model,8,2,deepai+dreamStudio
110,2,two_model,8,2,deepai+dreamStudio
111,1,two_model,8,2,deepai+dreamStudio
112,0,single_model,4,1,deepai
113,2,single_model,4,1,deepai
114,1,single_model,4,1,deepai
115,4,two_model,8,2,deepai+dreamStudio
116,1,two_model,8,2,deepai+dreamStudio
117,4,two_model,8,2,deepai+dreamStudio
118,0,two_model,8,2,deepai+dreamStudio
119,3,two_model,8,2,deepai+dreamStudio
120,3,single_model,4,1,deepai
121,3,single_model,4,1,deepai
122,4,single_model,4,1,deepai
123,2,single_model,4,1,deepai
124,4,single_model,4,1,deepai
125,2,single_model,4,1,deepai
126,0,single_model,4,1,deepai
127,2,single_model,4,1,deepai
128,3,single_model,4,1,deepai
129,3,single_model,4,1,deepai
130,3,single_model,4,1,deepai
131,0,single_model,4,1,deepai
132,4,single_model,4,1,deepai
133,1,single_model,4,1,deepai
134,2,single_model,4,1,deepai
135,4,single_model,4,1,deepai
136,3,single_model,4,1,deepai
137,2,two_model,8,2,deepai+dreamStudio
138,0,two_model,8,2,deepai+dreamStudio
139,0,two_model,8,2,deepai+dreamStudio
140,3,two_model,8,2,deepai+dreamStudio
141,4,two_model,8,2,deepai+dreamStudio
142,3,single_model,4,1,deepai
143,3,single_model,4,1,deepai
144,4,single_model,4,1,deepai
145,1,two_model,8,2,deepai+dreamStudio
146,4,two_model,8,2,deepai+dreamStudio
147,2,two_model,8,2,deepai+dreamStudio
148,0,two_model,8,2,deepai+dreamStudio
149,4,two_model,8,2,deepai+dreamStudio
150,2,single_model,4,1,deepai
151,3,single_model,4,1,deepai
152,1,two_model,8,2,deepai+dreamStudio
153,1,two_model,8,2,deepai+dreamStudio
154,3,two_model,8,2,deepai+dreamStudio
155,1,two_model,8,2,deepai+dreamStudio
156,2,two_model,8,2,deepai+dreamStudio
157,3,single_model,4,1,deepai
158,2,single_model,4,1,deepai
159,2,single_model,4,1,deepai
160,2,two_model,8,2,deepai+dreamStudio
161,4,two_model,8,2,deepai+dreamStudio
162,1,two_model,8,2,deepai+dreamStudio
163,4,two_model,8,2,deepai+dreamStudio
164,2,two_model,8,2,deepai+dreamStudio
165,4,single_model,4,1,deepai
166,0,single_model,4,1,deepai
167,3,two_model,8,2,deepai+dreamStudio
168,1,two_model,8,2,deepai+dreamStudio
169,1,two_model,8,2,deepai+dreamStudio
170,4,two_model,8,2,deepai+dreamStudio
171,2,two_model,8,2,deepai+dreamStudio
172,1,single_model,4,1,deepai
173,4,single_model,4,1,deepai
174,2,single_model,4,1,deepai
175,1,two_model,8,2,deepai+dreamStudio
176,3,two_model,8,2,deepai+dreamStudio
177,3,two_model,8,2,deepai+dreamStudio
178,0,two_model,8,2,deepai+dreamStudio
179,1,two_model,8,2,deepai+dreamStudio
