prompt,image_name,index,quality_score
"bird, driving bike, city, anime style",deepai_0_1_0_0.jpg,1,2.6468698299611035
"bird, driving bike, city, realistic style",deepai_0_1_0_1.jpg,1,2.685595472540848
"bird, driving bike, wild, anime style",deepai_0_1_1_0.jpg,1,2.751209997568689
"bird, driving bike, wild, realistic style",deepai_0_1_1_1.jpg,1,2.915541194578608
"bird, using laptop, city, anime style",deepai_0_10_0_0.jpg,2,2.315683428435662
"bird, using laptop, city, anime style",dreamStudio_0_5_0_0.jpg,2,1.1021340460391404
"bird, using laptop, city, realistic style",deepai_0_10_0_1.jpg,2,2.8145873408867215
"bird, using laptop, city, realistic style",dreamStudio_0_5_0_1.jpg,2,1.426088795637163
"bird, using laptop, wild, anime style",deepai_0_10_1_0.jpg,2,2.7142423173161987
"bird, using laptop, wild, anime style",dreamStudio_0_5_1_0.jpg,2,1.163358572808168
"bird, using laptop, wild, realistic style",deepai_0_10_1_1.jpg,2,2.878534379783441
"bird, using laptop, wild, realistic style",dreamStudio_0_5_1_1.jpg,2,1.679159866381535
"bird, using phone, city, anime style",deepai_0_11_0_0.jpg,3,2.964871092867692
"bird, using phone, city, anime style",dreamStudio_0_6_0_0.jpg,3,0.895384556
"bird, using phone, city, realistic style",deepai_0_11_0_1.jpg,3,4.410898610516716
"bird, using phone, city, realistic style",dreamStudio_0_6_0_1.jpg,3,0.4951009162964396
"bird, using phone, wild, anime style",deepai_0_11_1_0.jpg,3,3.3241957711148444
"bird, using phone, wild, anime style",dreamStudio_0_6_1_0.jpg,3,1.3728229457719208
"bird, using phone, wild, realistic style",deepai_0_11_1_1.jpg,3,2.3602495612350465
"bird, using phone, wild, realistic style",dreamStudio_0_6_1_1.jpg,3,2.111719241884582
"bird, wearing coat, city, anime style",deepai_0_12_0_0.jpg,4,2.4569882665449083
"bird, wearing coat, city, anime style",dreamStudio_0_7_0_0.jpg,4,1.5750448697514068
"bird, wearing coat, city, realistic style",deepai_0_12_0_1.jpg,4,3.2262158782300103
"bird, wearing coat, city, realistic style",dreamStudio_0_7_0_1.jpg,4,1.2790566945412811
"bird, wearing coat, wild, anime style",deepai_0_12_1_0.jpg,4,3.602957099994629
"bird, wearing coat, wild, anime style",dreamStudio_0_7_1_0.jpg,4,2.0795965215087566
"bird, wearing coat, wild, realistic style",deepai_0_12_1_1.jpg,4,3.367134900737525
"bird, wearing coat, wild, realistic style",dreamStudio_0_7_1_1.jpg,4,2.062763773204901
"bird, wearing hat, city, anime style",deepai_0_13_0_0.jpg,5,2.2565310193712476
"bird, wearing hat, city, anime style",dreamStudio_0_8_0_0.jpg,5,1.390039352795844
"bird, wearing hat, city, realistic style",deepai_0_13_0_1.jpg,5,3.0596697236777057
"bird, wearing hat, city, realistic style",dreamStudio_0_8_0_1.jpg,5,1.5383526293023806
"bird, wearing hat, wild, anime style",deepai_0_13_1_0.jpg,5,2.055584546985154
"bird, wearing hat, wild, anime style",dreamStudio_0_8_1_0.jpg,5,1.7933629216774372
"bird, wearing hat, wild, realistic style",deepai_0_13_1_1.jpg,5,2.0699250367458917
"bird, wearing hat, wild, realistic style",dreamStudio_0_8_1_1.jpg,5,3.0561382131843926
"bird, wearing shirt, city, anime style",deepai_0_14_0_0.jpg,6,3.017850117
"bird, wearing shirt, city, anime style",dreamStudio_0_9_0_0.jpg,6,1.7444522497155013
"bird, wearing shirt, city, realistic style",deepai_0_14_0_1.jpg,6,3.7092467706470655
"bird, wearing shirt, city, realistic style",dreamStudio_0_9_0_1.jpg,6,1.7435714850840756
"bird, wearing shirt, wild, anime style",deepai_0_14_1_0.jpg,6,2.730899468491693
"bird, wearing shirt, wild, anime style",dreamStudio_0_9_1_0.jpg,6,2.2177494457904268
"bird, wearing shirt, wild, realistic style",deepai_0_14_1_1.jpg,6,3.473402250548638
"bird, wearing shirt, wild, realistic style",dreamStudio_0_9_1_1.jpg,6,1.9019250137878103
"bird, driving car, city, anime style",deepai_0_2_0_0.jpg,7,4.075553053252517
"bird, driving car, city, realistic style",deepai_0_2_0_1.jpg,7,1.9520389498254769
"bird, driving car, wild, anime style",deepai_0_2_1_0.jpg,7,2.6803007270463564
"bird, driving car, wild, realistic style",deepai_0_2_1_1.jpg,7,2.5190716388298653
"bird, having hamburger, city, anime style",deepai_0_3_0_0.jpg,8,2.8564591739006215
"bird, having hamburger, city, realistic style",deepai_0_3_0_1.jpg,8,3.3751293125081734
"bird, having hamburger, wild, anime style",deepai_0_3_1_0.jpg,8,3.356771852987784
"bird, having hamburger, wild, realistic style",deepai_0_3_1_1.jpg,8,2.9154277029880813
"bird, having icecream, city, anime style",deepai_0_4_0_0.jpg,9,2.9596150924147335
"bird, having icecream, city, realistic style",deepai_0_4_0_1.jpg,9,2.4629856966610832
"bird, having icecream, wild, anime style",deepai_0_4_1_0.jpg,9,2.3303215732235967
"bird, having icecream, wild, realistic style",deepai_0_4_1_1.jpg,9,2.933034641526733
"bird, having pizza, city, anime style",deepai_0_5_0_0.jpg,10,2.53781285
"bird, having pizza, city, anime style",dreamStudio_0_0_0_0.jpg,10,2.1342476098301777
"bird, having pizza, city, realistic style",deepai_0_5_0_1.jpg,10,1.987828400909992
"bird, having pizza, city, realistic style",dreamStudio_0_0_0_1.jpg,10,3.116442702987173
"bird, having pizza, wild, anime style",deepai_0_5_1_0.jpg,10,2.8266829587293714
"bird, having pizza, wild, anime style",dreamStudio_0_0_1_0.jpg,10,1.929463428846132
"bird, having pizza, wild, realistic style",deepai_0_5_1_1.jpg,10,2.1142921380537385
"bird, having pizza, wild, realistic style",dreamStudio_0_0_1_1.jpg,10,2.3128865714848006
"bird, playing football, city, anime style",deepai_0_7_0_0.jpg,12,2.7380109587492516
"bird, playing football, city, anime style",dreamStudio_0_2_0_0.jpg,12,1.3983363961593775
"bird, playing football, city, realistic style",deepai_0_7_0_1.jpg,12,3.0942994650339286
"bird, playing football, city, realistic style",dreamStudio_0_2_0_1.jpg,12,1.9684211563162408
"bird, playing football, wild, anime style",deepai_0_7_1_0.jpg,12,2.957250257837281
"bird, playing football, wild, anime style",dreamStudio_0_2_1_0.jpg,12,1.6691116890861728
"bird, playing football, wild, realistic style",deepai_0_7_1_1.jpg,12,3.0434524751507066
"bird, playing football, wild, realistic style",dreamStudio_0_2_1_1.jpg,12,1.6088162289597192
"bird, playing yoga, city, anime style",deepai_0_8_0_0.jpg,13,2.6334824596092368
"bird, playing yoga, city, anime style",dreamStudio_0_3_0_0.jpg,13,2.048431269760679
"bird, playing yoga, city, realistic style",deepai_0_8_0_1.jpg,13,2.9097179515368636
"bird, playing yoga, city, realistic style",dreamStudio_0_3_0_1.jpg,13,0.9663606481863166
"bird, playing yoga, wild, anime style",deepai_0_8_1_0.jpg,13,2.4279722965847936
"bird, playing yoga, wild, anime style",dreamStudio_0_3_1_0.jpg,13,0.244374455
"bird, playing yoga, wild, realistic style",deepai_0_8_1_1.jpg,13,1.6631885099764177
"bird, playing yoga, wild, realistic style",dreamStudio_0_3_1_1.jpg,13,2.353584299
"bird, using CD, city, anime style",deepai_0_9_0_0.jpg,14,2.9932162205615156
"bird, using CD, city, anime style",dreamStudio_0_4_0_0.jpg,14,0.3827219913437977
"bird, using CD, city, realistic style",deepai_0_9_0_1.jpg,14,3.963810088144627
"bird, using CD, city, realistic style",dreamStudio_0_4_0_1.jpg,14,2.330297948369773
"bird, using CD, wild, anime style",deepai_0_9_1_0.jpg,14,3.278513421292411
"bird, using CD, wild, anime style",dreamStudio_0_4_1_0.jpg,14,1.6921076470122591
"bird, using CD, wild, realistic style",deepai_0_9_1_1.jpg,14,1.8454857204806403
"bird, using CD, wild, realistic style",dreamStudio_0_4_1_1.jpg,14,1.454908089997902
"cat, driving bike, city, anime style",deepai_1_1_0_0.jpg,16,2.705923805980506
"cat, driving bike, city, realistic style",deepai_1_1_0_1.jpg,16,2.0356427853424925
"cat, driving bike, wild, anime style",deepai_1_1_1_0.jpg,16,2.438638069320326
"cat, driving bike, wild, realistic style",deepai_1_1_1_1.jpg,16,2.7453446718756314
"cat, using laptop, city, anime style",deepai_1_10_0_0.jpg,17,2.0465949943726742
"cat, using laptop, city, anime style",dreamStudio_1_5_0_0.jpg,17,1.1158548062850675
"cat, using laptop, city, realistic style",deepai_1_10_0_1.jpg,17,2.8099901339053663
"cat, using laptop, city, realistic style",dreamStudio_1_5_0_1.jpg,17,0.7627666391235025
"cat, using laptop, wild, anime style",deepai_1_10_1_0.jpg,17,2.954689768213242
"cat, using laptop, wild, anime style",dreamStudio_1_5_1_0.jpg,17,1.287783602972718
"cat, using laptop, wild, realistic style",deepai_1_10_1_1.jpg,17,2.304444393609687
"cat, using laptop, wild, realistic style",dreamStudio_1_5_1_1.jpg,17,3.4125308142653084
"cat, wearing coat, city, anime style",deepai_1_12_0_0.jpg,19,4.031783586140512
"cat, wearing coat, city, anime style",dreamStudio_1_7_0_0.jpg,19,1.2693288598085584
"cat, wearing coat, city, realistic style",deepai_1_12_0_1.jpg,19,2.9692548721905094
"cat, wearing coat, city, realistic style",dreamStudio_1_7_0_1.jpg,19,1.863484755199214
"cat, wearing coat, wild, anime style",deepai_1_12_1_0.jpg,19,2.969682736
"cat, wearing coat, wild, anime style",dreamStudio_1_7_1_0.jpg,19,1.97489914
"cat, wearing coat, wild, realistic style",deepai_1_12_1_1.jpg,19,4.194483749246269
"cat, wearing coat, wild, realistic style",dreamStudio_1_7_1_1.jpg,19,2.1042938400832396
"cat, wearing hat, city, anime style",deepai_1_13_0_0.jpg,20,2.6603860955509213
"cat, wearing hat, city, anime style",dreamStudio_1_8_0_0.jpg,20,2.007755271
"cat, wearing hat, city, realistic style",deepai_1_13_0_1.jpg,20,2.589072847313763
"cat, wearing hat, city, realistic style",dreamStudio_1_8_0_1.jpg,20,2.123137965784728
"cat, wearing hat, wild, anime style",deepai_1_13_1_0.jpg,20,2.7415230647591637
"cat, wearing hat, wild, anime style",dreamStudio_1_8_1_0.jpg,20,3.1625633557612045
"cat, wearing hat, wild, realistic style",deepai_1_13_1_1.jpg,20,2.727181921139759
"cat, wearing hat, wild, realistic style",dreamStudio_1_8_1_1.jpg,20,1.6796354426785414
"cat, wearing shirt, city, anime style",deepai_1_14_0_0.jpg,21,3.0169494844542943
"cat, wearing shirt, city, anime style",dreamStudio_1_9_0_0.jpg,21,1.373026291
"cat, wearing shirt, city, realistic style",deepai_1_14_0_1.jpg,21,3.0380151537521245
"cat, wearing shirt, city, realistic style",dreamStudio_1_9_0_1.jpg,21,1.9689715408044348
"cat, wearing shirt, wild, anime style",deepai_1_14_1_0.jpg,21,2.201607301562853
"cat, wearing shirt, wild, anime style",dreamStudio_1_9_1_0.jpg,21,1.8309334121257936
"cat, wearing shirt, wild, realistic style",deepai_1_14_1_1.jpg,21,3.962416274012608
"cat, wearing shirt, wild, realistic style",dreamStudio_1_9_1_1.jpg,21,2.287012044295131
"cat, driving car, city, anime style",deepai_1_2_0_0.jpg,22,3.135996942865934
"cat, driving car, city, realistic style",deepai_1_2_0_1.jpg,22,3.2109579068295258
"cat, driving car, wild, anime style",deepai_1_2_1_0.jpg,22,2.919788543066456
"cat, driving car, wild, realistic style",deepai_1_2_1_1.jpg,22,4.187626336861447
"cat, having hamburger, city, anime style",deepai_1_3_0_0.jpg,23,2.308561794556081
"cat, having hamburger, city, realistic style",deepai_1_3_0_1.jpg,23,2.7631279543703786
"cat, having hamburger, wild, anime style",deepai_1_3_1_0.jpg,23,2.7721866529989785
"cat, having hamburger, wild, realistic style",deepai_1_3_1_1.jpg,23,2.8816822315566872
"cat, playing football, city, anime style",deepai_1_7_0_0.jpg,27,3.589990105
"cat, playing football, city, anime style",dreamStudio_1_2_0_0.jpg,27,1.6006537430092052
"cat, playing football, city, realistic style",deepai_1_7_0_1.jpg,27,2.8517551576327533
"cat, playing football, city, realistic style",dreamStudio_1_2_0_1.jpg,27,1.3715906907755355
"cat, playing football, wild, anime style",deepai_1_7_1_0.jpg,27,2.734071997422264
"cat, playing football, wild, anime style",dreamStudio_1_2_1_0.jpg,27,1.162164505668548
"cat, playing football, wild, realistic style",deepai_1_7_1_1.jpg,27,3.7670831835214784
"cat, playing football, wild, realistic style",dreamStudio_1_2_1_1.jpg,27,1.893555782906615
"cat, playing yoga, city, anime style",deepai_1_8_0_0.jpg,28,2.7298642785958274
"cat, playing yoga, city, anime style",dreamStudio_1_3_0_0.jpg,28,1.8954734749229472
"cat, playing yoga, city, realistic style",deepai_1_8_0_1.jpg,28,2.272963913656801
"cat, playing yoga, city, realistic style",dreamStudio_1_3_0_1.jpg,28,2.044701979089826
"cat, playing yoga, wild, anime style",deepai_1_8_1_0.jpg,28,1.0793262818533391
"cat, playing yoga, wild, anime style",dreamStudio_1_3_1_0.jpg,28,1.1390567623141024
"cat, playing yoga, wild, realistic style",deepai_1_8_1_1.jpg,28,2.513355404085131
"cat, playing yoga, wild, realistic style",dreamStudio_1_3_1_1.jpg,28,1.5902545708914575
"cat, using CD, city, anime style",deepai_1_9_0_0.jpg,29,3.758498819243418
"cat, using CD, city, anime style",dreamStudio_1_4_0_0.jpg,29,1.1440568947067815
"cat, using CD, city, realistic style",deepai_1_9_0_1.jpg,29,2.9576894136580436
"cat, using CD, city, realistic style",dreamStudio_1_4_0_1.jpg,29,1.8576963329368168
"cat, using CD, wild, anime style",deepai_1_9_1_0.jpg,29,2.236711514637918
"cat, using CD, wild, anime style",dreamStudio_1_4_1_0.jpg,29,1.5481763824480197
"cat, using CD, wild, realistic style",deepai_1_9_1_1.jpg,29,3.311779749491203
"cat, using CD, wild, realistic style",dreamStudio_1_4_1_1.jpg,29,2.0732806540026076
"demon, driving bike, city, anime style",deepai_10_1_0_0.jpg,31,3.317391332254931
"demon, driving bike, city, realistic style",deepai_10_1_0_1.jpg,31,3.1307069749266323
"demon, driving bike, wild, anime style",deepai_10_1_1_0.jpg,31,2.8570426113638008
"demon, driving bike, wild, realistic style",deepai_10_1_1_1.jpg,31,4.7338266076787265
"demon, using laptop, city, anime style",deepai_10_10_0_0.jpg,32,3.2656668485676437
"demon, using laptop, city, realistic style",deepai_10_10_0_1.jpg,32,4.012272375175136
"demon, using laptop, wild, anime style",deepai_10_10_1_0.jpg,32,2.6190404654104644
"demon, using laptop, wild, realistic style",deepai_10_10_1_1.jpg,32,2.932330746285457
"demon, using phone, city, anime style",deepai_10_11_0_0.jpg,33,2.6396316013472596
"demon, using phone, city, realistic style",deepai_10_11_0_1.jpg,33,2.915895399
"demon, using phone, wild, anime style",deepai_10_11_1_0.jpg,33,2.4312882225379044
"demon, using phone, wild, realistic style",deepai_10_11_1_1.jpg,33,4.011103542377608
"demon, wearing coat, city, anime style",deepai_10_12_0_0.jpg,34,3.052022801436039
"demon, wearing coat, city, realistic style",deepai_10_12_0_1.jpg,34,3.0635610686029255
"demon, wearing coat, wild, anime style",deepai_10_12_1_0.jpg,34,2.6354072238545685
"demon, wearing coat, wild, realistic style",deepai_10_12_1_1.jpg,34,4.8777034274457725
"demon, wearing hat, city, anime style",deepai_10_13_0_0.jpg,35,3.2236023090396317
"demon, wearing hat, city, realistic style",deepai_10_13_0_1.jpg,35,3.2606689790980607
"demon, wearing hat, wild, anime style",deepai_10_13_1_0.jpg,35,2.279589021192974
"demon, wearing hat, wild, realistic style",deepai_10_13_1_1.jpg,35,3.839178206584123
"demon, wearing shirt, city, anime style",deepai_10_14_0_0.jpg,36,2.702524139257621
"demon, wearing shirt, city, realistic style",deepai_10_14_0_1.jpg,36,3.523037104572054
"demon, wearing shirt, wild, anime style",deepai_10_14_1_0.jpg,36,2.9787041957267464
"demon, wearing shirt, wild, realistic style",deepai_10_14_1_1.jpg,36,3.520575375851976
"demon, driving car, city, anime style",deepai_10_2_0_0.jpg,37,2.627467751999846
"demon, driving car, city, realistic style",deepai_10_2_0_1.jpg,37,3.3537951785381392
"demon, driving car, wild, anime style",deepai_10_2_1_0.jpg,37,2.820043973375797
"demon, driving car, wild, realistic style",deepai_10_2_1_1.jpg,37,3.246706517633036
"demon, having hamburger, city, anime style",deepai_10_3_0_0.jpg,38,2.965684122
"demon, having hamburger, city, realistic style",deepai_10_3_0_1.jpg,38,2.2892013134949347
"demon, having hamburger, wild, anime style",deepai_10_3_1_0.jpg,38,3.017095533901073
"demon, having hamburger, wild, realistic style",deepai_10_3_1_1.jpg,38,3.9465888101726048
"demon, having icecream, city, anime style",deepai_10_4_0_0.jpg,39,2.2623370465619703
"demon, having icecream, city, realistic style",deepai_10_4_0_1.jpg,39,3.030381323664956
"demon, having icecream, wild, anime style",deepai_10_4_1_0.jpg,39,2.952086174961262
"demon, having icecream, wild, realistic style",deepai_10_4_1_1.jpg,39,2.597428535320964
"demon, having pizza, city, anime style",deepai_10_5_0_0.jpg,40,3.0349798346588126
"demon, having pizza, city, realistic style",deepai_10_5_0_1.jpg,40,2.542590821
"demon, having pizza, wild, anime style",deepai_10_5_1_0.jpg,40,2.647091991187731
"demon, having pizza, wild, realistic style",deepai_10_5_1_1.jpg,40,2.2749748720856515
"demon, playing baseball, city, anime style",deepai_10_6_0_0.jpg,41,2.9004719124609823
"demon, playing baseball, city, realistic style",deepai_10_6_0_1.jpg,41,3.0307056838826893
"demon, playing baseball, wild, anime style",deepai_10_6_1_0.jpg,41,2.5341181811373863
"demon, playing baseball, wild, realistic style",deepai_10_6_1_1.jpg,41,2.736808905293115
"demon, playing football, city, anime style",deepai_10_7_0_0.jpg,42,3.249184644366676
"demon, playing football, city, realistic style",deepai_10_7_0_1.jpg,42,3.247177642374567
"demon, playing football, wild, anime style",deepai_10_7_1_0.jpg,42,2.667709961163516
"demon, playing football, wild, realistic style",deepai_10_7_1_1.jpg,42,2.853056497003065
"demon, playing yoga, city, anime style",deepai_10_8_0_0.jpg,43,3.968188037608752
"demon, playing yoga, city, realistic style",deepai_10_8_0_1.jpg,43,1.9209323427210665
"demon, playing yoga, wild, anime style",deepai_10_8_1_0.jpg,43,3.2489577672270515
"demon, playing yoga, wild, realistic style",deepai_10_8_1_1.jpg,43,2.743746659
"demon, using CD, city, anime style",deepai_10_9_0_0.jpg,44,2.860022791106849
"demon, using CD, city, realistic style",deepai_10_9_0_1.jpg,44,2.8176076014345175
"demon, using CD, wild, anime style",deepai_10_9_1_0.jpg,44,4.000226332
"demon, using CD, wild, realistic style",deepai_10_9_1_1.jpg,44,4.631433586799989
"witch, driving aircraft, city, anime style",deepai_11_0_0_0.jpg,45,3.0638910909957264
"witch, driving aircraft, city, realistic style",deepai_11_0_0_1.jpg,45,3.978825344433842
"witch, driving aircraft, wild, anime style",deepai_11_0_1_0.jpg,45,2.3189215360229154
"witch, driving aircraft, wild, realistic style",deepai_11_0_1_1.jpg,45,3.4049701922485895
"witch, driving bike, city, anime style",deepai_11_1_0_0.jpg,46,2.840259079582451
"witch, driving bike, city, realistic style",deepai_11_1_0_1.jpg,46,3.1173529536579867
"witch, driving bike, wild, anime style",deepai_11_1_1_0.jpg,46,2.9885622741091584
"witch, driving bike, wild, realistic style",deepai_11_1_1_1.jpg,46,2.7118049991128483
"witch, using laptop, city, anime style",deepai_11_10_0_0.jpg,47,2.7823650739440304
"witch, using laptop, city, realistic style",deepai_11_10_0_1.jpg,47,2.9894647057232393
"witch, using laptop, wild, anime style",deepai_11_10_1_0.jpg,47,2.3745176962183394
"witch, using laptop, wild, realistic style",deepai_11_10_1_1.jpg,47,3.1421845335372525
"witch, wearing coat, city, anime style",deepai_11_12_0_0.jpg,49,2.5098412990858043
"witch, wearing coat, city, realistic style",deepai_11_12_0_1.jpg,49,2.291632023261146
"witch, wearing coat, wild, anime style",deepai_11_12_1_0.jpg,49,2.6763420034855376
"witch, wearing coat, wild, realistic style",deepai_11_12_1_1.jpg,49,2.925775501701658
"witch, wearing hat, city, anime style",deepai_11_13_0_0.jpg,50,3.132431168778041
"witch, wearing hat, city, realistic style",deepai_11_13_0_1.jpg,50,3.930151367233837
"witch, wearing hat, wild, anime style",deepai_11_13_1_0.jpg,50,2.3046778791864506
"witch, wearing hat, wild, realistic style",deepai_11_13_1_1.jpg,50,2.903225572390995
"witch, wearing shirt, city, anime style",deepai_11_14_0_0.jpg,51,2.3657547563879615
"witch, wearing shirt, city, realistic style",deepai_11_14_0_1.jpg,51,2.9255871089508756
"witch, wearing shirt, wild, anime style",deepai_11_14_1_0.jpg,51,3.243599567782988
"witch, wearing shirt, wild, realistic style",deepai_11_14_1_1.jpg,51,2.8554666850591888
"witch, driving car, city, anime style",deepai_11_2_0_0.jpg,52,2.718457465698224
"witch, driving car, city, realistic style",deepai_11_2_0_1.jpg,52,3.3776089744393674
"witch, driving car, wild, anime style",deepai_11_2_1_0.jpg,52,2.7951294701403735
"witch, driving car, wild, realistic style",deepai_11_2_1_1.jpg,52,2.8348534309964015
"witch, having pizza, city, anime style",deepai_11_5_0_0.jpg,55,2.5874283321777996
"witch, having pizza, city, realistic style",deepai_11_5_0_1.jpg,55,2.701516697912102
"witch, having pizza, wild, anime style",deepai_11_5_1_0.jpg,55,2.5411916414304305
"witch, having pizza, wild, realistic style",deepai_11_5_1_1.jpg,55,2.8300192032533995
"witch, playing baseball, city, anime style",deepai_11_6_0_0.jpg,56,3.3882119877783983
"witch, playing baseball, city, realistic style",deepai_11_6_0_1.jpg,56,3.218236480605641
"witch, playing baseball, wild, anime style",deepai_11_6_1_0.jpg,56,2.623047552200785
"witch, playing baseball, wild, realistic style",deepai_11_6_1_1.jpg,56,3.3641863325886576
"witch, playing football, city, anime style",deepai_11_7_0_0.jpg,57,2.8038145920287345
"witch, playing football, city, realistic style",deepai_11_7_0_1.jpg,57,2.5815918423702957
"witch, playing football, wild, anime style",deepai_11_7_1_0.jpg,57,3.2544703919355555
"witch, playing football, wild, realistic style",deepai_11_7_1_1.jpg,57,2.615957339424737
"witch, playing yoga, city, anime style",deepai_11_8_0_0.jpg,58,2.295039509040765
"witch, playing yoga, city, realistic style",deepai_11_8_0_1.jpg,58,2.247585516224938
"witch, playing yoga, wild, anime style",deepai_11_8_1_0.jpg,58,2.6974527656093503
"witch, playing yoga, wild, realistic style",deepai_11_8_1_1.jpg,58,2.357931848
"witch, using CD, city, anime style",deepai_11_9_0_0.jpg,59,2.085660383574618
"witch, using CD, city, realistic style",deepai_11_9_0_1.jpg,59,3.2349403336715454
"witch, using CD, wild, anime style",deepai_11_9_1_0.jpg,59,2.5717606596690676
"witch, using CD, wild, realistic style",deepai_11_9_1_1.jpg,59,3.620683704660568
"dog, using laptop, city, anime style",deepai_2_10_0_0.jpg,62,2.712378650704436
"dog, using laptop, city, anime style",dreamStudio_2_5_0_0.jpg,62,1.469804069660975
"dog, using laptop, city, realistic style",deepai_2_10_0_1.jpg,62,3.5702962339921034
"dog, using laptop, city, realistic style",dreamStudio_2_5_0_1.jpg,62,2.095401867222767
"dog, using laptop, wild, anime style",deepai_2_10_1_0.jpg,62,3.6167664103162354
"dog, using laptop, wild, anime style",dreamStudio_2_5_1_0.jpg,62,0.0
"dog, using laptop, wild, realistic style",deepai_2_10_1_1.jpg,62,3.357091237
"dog, using laptop, wild, realistic style",dreamStudio_2_5_1_1.jpg,62,2.3333977325979136
"dog, wearing hat, city, anime style",deepai_2_13_0_0.jpg,65,2.232645425
"dog, wearing hat, city, anime style",dreamStudio_2_8_0_0.jpg,65,1.5311689832778734
"dog, wearing hat, city, realistic style",deepai_2_13_0_1.jpg,65,3.0780809124944284
"dog, wearing hat, city, realistic style",dreamStudio_2_8_0_1.jpg,65,2.791146069
"dog, wearing hat, wild, anime style",deepai_2_13_1_0.jpg,65,4.313771079854292
"dog, wearing hat, wild, anime style",dreamStudio_2_8_1_0.jpg,65,1.7649038512497477
"dog, wearing hat, wild, realistic style",deepai_2_13_1_1.jpg,65,2.7778682663987047
"dog, wearing hat, wild, realistic style",dreamStudio_2_8_1_1.jpg,65,2.0842609076913727
"dog, driving car, city, anime style",deepai_2_2_0_0.jpg,67,2.6140090791740356
"dog, driving car, city, realistic style",deepai_2_2_0_1.jpg,67,2.650051945328929
"dog, driving car, wild, anime style",deepai_2_2_1_0.jpg,67,2.4310396167734307
"dog, driving car, wild, realistic style",deepai_2_2_1_1.jpg,67,3.2491494662607407
"dog, having pizza, city, anime style",deepai_2_5_0_0.jpg,70,2.4387814663428653
"dog, having pizza, city, anime style",dreamStudio_2_0_0_0.jpg,70,2.3609540136610914
"dog, having pizza, city, realistic style",deepai_2_5_0_1.jpg,70,2.518289011135215
"dog, having pizza, city, realistic style",dreamStudio_2_0_0_1.jpg,70,1.480003166927374
"dog, having pizza, wild, anime style",deepai_2_5_1_0.jpg,70,3.0649874401673545
"dog, having pizza, wild, anime style",dreamStudio_2_0_1_0.jpg,70,0.6483237116312175
"dog, having pizza, wild, realistic style",deepai_2_5_1_1.jpg,70,3.3827217451295697
"dog, having pizza, wild, realistic style",dreamStudio_2_0_1_1.jpg,70,1.5114382929777463
"dog, playing baseball, city, anime style",deepai_2_6_0_0.jpg,71,2.7144557449747357
"dog, playing baseball, city, anime style",dreamStudio_2_1_0_0.jpg,71,1.2709552744736223
"dog, playing baseball, city, realistic style",deepai_2_6_0_1.jpg,71,2.9599723065969545
"dog, playing baseball, city, realistic style",dreamStudio_2_1_0_1.jpg,71,1.8566245231303689
"dog, playing baseball, wild, anime style",deepai_2_6_1_0.jpg,71,2.5244585330863485
"dog, playing baseball, wild, anime style",dreamStudio_2_1_1_0.jpg,71,1.6984800639226043
"dog, playing baseball, wild, realistic style",deepai_2_6_1_1.jpg,71,2.702185277255299
"dog, playing baseball, wild, realistic style",dreamStudio_2_1_1_1.jpg,71,1.8064608138092704
"dog, playing yoga, city, anime style",deepai_2_8_0_0.jpg,73,2.455912593694628
"dog, playing yoga, city, anime style",dreamStudio_2_3_0_0.jpg,73,1.501376572808389
"dog, playing yoga, city, realistic style",deepai_2_8_0_1.jpg,73,2.705511841949165
"dog, playing yoga, city, realistic style",dreamStudio_2_3_0_1.jpg,73,1.192765135501365
"dog, playing yoga, wild, anime style",deepai_2_8_1_0.jpg,73,3.939044940215048
"dog, playing yoga, wild, anime style",dreamStudio_2_3_1_0.jpg,73,1.3318305733769449
"dog, playing yoga, wild, realistic style",deepai_2_8_1_1.jpg,73,3.9416982619273826
"dog, playing yoga, wild, realistic style",dreamStudio_2_3_1_1.jpg,73,1.932730695037664
"dog, using CD, city, anime style",deepai_2_9_0_0.jpg,74,2.7464958381026396
"dog, using CD, city, anime style",dreamStudio_2_4_0_0.jpg,74,1.971424664804876
"dog, using CD, city, realistic style",deepai_2_9_0_1.jpg,74,2.664948543395123
"dog, using CD, city, realistic style",dreamStudio_2_4_0_1.jpg,74,1.5367059572847517
"dog, using CD, wild, anime style",deepai_2_9_1_0.jpg,74,2.867179993
"dog, using CD, wild, anime style",dreamStudio_2_4_1_0.jpg,74,0.7087625687802109
"dog, using CD, wild, realistic style",deepai_2_9_1_1.jpg,74,3.1955616120699273
"dog, using CD, wild, realistic style",dreamStudio_2_4_1_1.jpg,74,1.5082737825382464
"batman, driving aircraft, city, anime style",deepai_3_0_0_0.jpg,75,2.919743189587783
"batman, driving aircraft, city, realistic style",deepai_3_0_0_1.jpg,75,2.8943150800908404
"batman, driving aircraft, wild, anime style",deepai_3_0_1_0.jpg,75,2.827278635054044
"batman, driving aircraft, wild, realistic style",deepai_3_0_1_1.jpg,75,4.192577548839857
"batman, driving bike, city, anime style",deepai_3_1_0_0.jpg,76,3.455476224466176
"batman, driving bike, city, realistic style",deepai_3_1_0_1.jpg,76,2.513180164283358
"batman, driving bike, wild, anime style",deepai_3_1_1_0.jpg,76,3.3257967935455643
"batman, driving bike, wild, realistic style",deepai_3_1_1_1.jpg,76,3.647869060983906
"batman, using laptop, city, anime style",deepai_3_10_0_0.jpg,77,3.153887369590602
"batman, using laptop, city, anime style",dreamStudio_3_5_0_0.jpg,77,2.033159756
"batman, using laptop, city, realistic style",deepai_3_10_0_1.jpg,77,3.6856897573174736
"batman, using laptop, city, realistic style",dreamStudio_3_5_0_1.jpg,77,3.2586273912164883
"batman, using laptop, wild, anime style",deepai_3_10_1_0.jpg,77,3.147459159471324
"batman, using laptop, wild, anime style",dreamStudio_3_5_1_0.jpg,77,1.7184715988486992
"batman, using laptop, wild, realistic style",deepai_3_10_1_1.jpg,77,3.4373668139493336
"batman, using laptop, wild, realistic style",dreamStudio_3_5_1_1.jpg,77,0.0
"batman, using phone, city, anime style",deepai_3_11_0_0.jpg,78,3.1521978900532677
"batman, using phone, city, anime style",dreamStudio_3_6_0_0.jpg,78,1.6756127401579377
"batman, using phone, city, realistic style",deepai_3_11_0_1.jpg,78,3.6782272722375295
"batman, using phone, city, realistic style",dreamStudio_3_6_0_1.jpg,78,1.2366872604972896
"batman, using phone, wild, anime style",deepai_3_11_1_0.jpg,78,2.7283354119320564
"batman, using phone, wild, anime style",dreamStudio_3_6_1_0.jpg,78,1.838285879157899
"batman, using phone, wild, realistic style",deepai_3_11_1_1.jpg,78,2.312600598558171
"batman, using phone, wild, realistic style",dreamStudio_3_6_1_1.jpg,78,1.8640905751459096
"batman, wearing coat, city, anime style",deepai_3_12_0_0.jpg,79,3.2400675005287467
"batman, wearing coat, city, anime style",dreamStudio_3_7_0_0.jpg,79,2.314842651216077
"batman, wearing coat, city, realistic style",deepai_3_12_0_1.jpg,79,3.521792053953248
"batman, wearing coat, city, realistic style",dreamStudio_3_7_0_1.jpg,79,1.4182268460400616
"batman, wearing coat, wild, anime style",deepai_3_12_1_0.jpg,79,3.1473522445672217
"batman, wearing coat, wild, anime style",dreamStudio_3_7_1_0.jpg,79,1.9503297084781537
"batman, wearing coat, wild, realistic style",deepai_3_12_1_1.jpg,79,4.414038643233229
"batman, wearing coat, wild, realistic style",dreamStudio_3_7_1_1.jpg,79,2.294439709019568
"batman, wearing hat, city, anime style",deepai_3_13_0_0.jpg,80,2.8340985518520982
"batman, wearing hat, city, anime style",dreamStudio_3_8_0_0.jpg,80,2.3240835236594646
"batman, wearing hat, city, realistic style",deepai_3_13_0_1.jpg,80,3.6245457009147017
"batman, wearing hat, city, realistic style",dreamStudio_3_8_0_1.jpg,80,1.4697050798550366
"batman, wearing hat, wild, anime style",deepai_3_13_1_0.jpg,80,2.7878529154537786
"batman, wearing hat, wild, anime style",dreamStudio_3_8_1_0.jpg,80,1.3456918142874903
"batman, wearing hat, wild, realistic style",deepai_3_13_1_1.jpg,80,3.440372617111778
"batman, wearing hat, wild, realistic style",dreamStudio_3_8_1_1.jpg,80,1.8836778366727824
"batman, wearing shirt, city, anime style",deepai_3_14_0_0.jpg,81,3.4781963848383683
"batman, wearing shirt, city, anime style",dreamStudio_3_9_0_0.jpg,81,2.3897595657134976
"batman, wearing shirt, city, realistic style",deepai_3_14_0_1.jpg,81,4.060928389696384
"batman, wearing shirt, city, realistic style",dreamStudio_3_9_0_1.jpg,81,2.9170309883418963
"batman, wearing shirt, wild, anime style",deepai_3_14_1_0.jpg,81,2.3494490638267127
"batman, wearing shirt, wild, anime style",dreamStudio_3_9_1_0.jpg,81,2.024806224784504
"batman, wearing shirt, wild, realistic style",deepai_3_14_1_1.jpg,81,4.351910770338763
"batman, wearing shirt, wild, realistic style",dreamStudio_3_9_1_1.jpg,81,2.011996011317628
"batman, having hamburger, city, anime style",deepai_3_3_0_0.jpg,83,3.2407455079931053
"batman, having hamburger, city, realistic style",deepai_3_3_0_1.jpg,83,2.7083957455288665
"batman, having hamburger, wild, anime style",deepai_3_3_1_0.jpg,83,2.4827721801701412
"batman, having hamburger, wild, realistic style",deepai_3_3_1_1.jpg,83,3.173247492901318
"batman, playing baseball, city, anime style",deepai_3_6_0_0.jpg,86,2.436990901760123
"batman, playing baseball, city, anime style",dreamStudio_3_1_0_0.jpg,86,1.4512889756909797
"batman, playing baseball, city, realistic style",deepai_3_6_0_1.jpg,86,4.754489838164117
"batman, playing baseball, city, realistic style",dreamStudio_3_1_0_1.jpg,86,1.7394649129452426
"batman, playing baseball, wild, anime style",deepai_3_6_1_0.jpg,86,2.4106547428732665
"batman, playing baseball, wild, anime style",dreamStudio_3_1_1_0.jpg,86,0.0
"batman, playing baseball, wild, realistic style",deepai_3_6_1_1.jpg,86,2.650568919091707
"batman, playing baseball, wild, realistic style",dreamStudio_3_1_1_1.jpg,86,2.112409266392913
"batman, playing football, city, anime style",deepai_3_7_0_0.jpg,87,3.4967843201846933
"batman, playing football, city, anime style",dreamStudio_3_2_0_0.jpg,87,2.049422905309106
"batman, playing football, city, realistic style",deepai_3_7_0_1.jpg,87,3.690139862972389
"batman, playing football, city, realistic style",dreamStudio_3_2_0_1.jpg,87,1.281986247707892
"batman, playing football, wild, anime style",deepai_3_7_1_0.jpg,87,2.9225624285983187
"batman, playing football, wild, anime style",dreamStudio_3_2_1_0.jpg,87,2.0101526020584295
"batman, playing football, wild, realistic style",deepai_3_7_1_1.jpg,87,3.3580781689237837
"batman, playing football, wild, realistic style",dreamStudio_3_2_1_1.jpg,87,2.226629537115995
"batman, playing yoga, city, anime style",deepai_3_8_0_0.jpg,88,3.919411533558691
"batman, playing yoga, city, anime style",dreamStudio_3_3_0_0.jpg,88,2.164345471576569
"batman, playing yoga, city, realistic style",deepai_3_8_0_1.jpg,88,3.3184416124470264
"batman, playing yoga, city, realistic style",dreamStudio_3_3_0_1.jpg,88,2.074998863384064
"batman, playing yoga, wild, anime style",deepai_3_8_1_0.jpg,88,2.5571374061668664
"batman, playing yoga, wild, anime style",dreamStudio_3_3_1_0.jpg,88,2.395625152059245
"batman, playing yoga, wild, realistic style",deepai_3_8_1_1.jpg,88,2.8586809687821217
"batman, playing yoga, wild, realistic style",dreamStudio_3_3_1_1.jpg,88,1.3342977970123078
"snoppy, driving aircraft, city, anime style",deepai_4_0_0_0.jpg,90,3.247917211264355
"snoppy, driving aircraft, city, realistic style",deepai_4_0_0_1.jpg,90,3.634923794985277
"snoppy, driving aircraft, wild, anime style",deepai_4_0_1_0.jpg,90,3.1749057503456144
"snoppy, driving aircraft, wild, realistic style",deepai_4_0_1_1.jpg,90,2.3143855943587535
"snoppy, driving bike, city, anime style",deepai_4_1_0_0.jpg,91,3.032433383027502
"snoppy, driving bike, city, realistic style",deepai_4_1_0_1.jpg,91,3.6067613366488143
"snoppy, driving bike, wild, anime style",deepai_4_1_1_0.jpg,91,2.903042545707045
"snoppy, driving bike, wild, realistic style",deepai_4_1_1_1.jpg,91,2.7867812116887616
"snoppy, using laptop, city, anime style",deepai_4_10_0_0.jpg,92,2.9168619996506737
"snoppy, using laptop, city, anime style",dreamStudio_4_5_0_0.jpg,92,1.009097082284122
"snoppy, using laptop, city, realistic style",deepai_4_10_0_1.jpg,92,2.2139913542657252
"snoppy, using laptop, city, realistic style",dreamStudio_4_5_0_1.jpg,92,0.5429391250171022
"snoppy, using laptop, wild, anime style",deepai_4_10_1_0.jpg,92,2.5327066560356126
"snoppy, using laptop, wild, anime style",dreamStudio_4_5_1_0.jpg,92,1.3755384178451684
"snoppy, using laptop, wild, realistic style",deepai_4_10_1_1.jpg,92,1.913948086362368
"snoppy, using laptop, wild, realistic style",dreamStudio_4_5_1_1.jpg,92,0.6058618644677124
"snoppy, using phone, city, anime style",deepai_4_11_0_0.jpg,93,2.8406726437345307
"snoppy, using phone, city, anime style",dreamStudio_4_6_0_0.jpg,93,0.4766945980039747
"snoppy, using phone, city, realistic style",deepai_4_11_0_1.jpg,93,2.8039145280967444
"snoppy, using phone, city, realistic style",dreamStudio_4_6_0_1.jpg,93,0.9674980370732872
"snoppy, using phone, wild, anime style",deepai_4_11_1_0.jpg,93,2.8286610631937332
"snoppy, using phone, wild, anime style",dreamStudio_4_6_1_0.jpg,93,1.0047727687234218
"snoppy, using phone, wild, realistic style",deepai_4_11_1_1.jpg,93,1.9409010000449112
"snoppy, using phone, wild, realistic style",dreamStudio_4_6_1_1.jpg,93,0.7748473040382261
"snoppy, wearing coat, city, anime style",deepai_4_12_0_0.jpg,94,3.3377868448958505
"snoppy, wearing coat, city, anime style",dreamStudio_4_7_0_0.jpg,94,0.3490028584088196
"snoppy, wearing coat, city, realistic style",deepai_4_12_0_1.jpg,94,2.5743470987122197
"snoppy, wearing coat, city, realistic style",dreamStudio_4_7_0_1.jpg,94,1.2662631397406592
"snoppy, wearing coat, wild, anime style",deepai_4_12_1_0.jpg,94,4.103205410620863
"snoppy, wearing coat, wild, anime style",dreamStudio_4_7_1_0.jpg,94,2.3723293732806066
"snoppy, wearing coat, wild, realistic style",deepai_4_12_1_1.jpg,94,2.371355342660504
"snoppy, wearing coat, wild, realistic style",dreamStudio_4_7_1_1.jpg,94,1.7432286666450123
"snoppy, wearing hat, city, anime style",deepai_4_13_0_0.jpg,95,3.353090726535936
"snoppy, wearing hat, city, anime style",dreamStudio_4_8_0_0.jpg,95,2.1157789216423564
"snoppy, wearing hat, city, realistic style",deepai_4_13_0_1.jpg,95,2.6813799664083926
"snoppy, wearing hat, city, realistic style",dreamStudio_4_8_0_1.jpg,95,0.6603543071542716
"snoppy, wearing hat, wild, anime style",deepai_4_13_1_0.jpg,95,3.1261969822577425
"snoppy, wearing hat, wild, anime style",dreamStudio_4_8_1_0.jpg,95,2.0890911051307586
"snoppy, wearing hat, wild, realistic style",deepai_4_13_1_1.jpg,95,2.0003658265738027
"snoppy, wearing hat, wild, realistic style",dreamStudio_4_8_1_1.jpg,95,2.0067236483066515
"snoppy, wearing shirt, city, anime style",deepai_4_14_0_0.jpg,96,2.571837624741921
"snoppy, wearing shirt, city, anime style",dreamStudio_4_9_0_0.jpg,96,0.0
"snoppy, wearing shirt, city, realistic style",deepai_4_14_0_1.jpg,96,2.9270372114105587
"snoppy, wearing shirt, city, realistic style",dreamStudio_4_9_0_1.jpg,96,2.3337466321808273
"snoppy, wearing shirt, wild, anime style",deepai_4_14_1_0.jpg,96,2.7982107965710252
"snoppy, wearing shirt, wild, anime style",dreamStudio_4_9_1_0.jpg,96,0.4379193722076035
"snoppy, wearing shirt, wild, realistic style",deepai_4_14_1_1.jpg,96,1.665117755668704
"snoppy, wearing shirt, wild, realistic style",dreamStudio_4_9_1_1.jpg,96,0.9848180437747156
"snoppy, having hamburger, city, anime style",deepai_4_3_0_0.jpg,98,2.790856529983844
"snoppy, having hamburger, city, realistic style",deepai_4_3_0_1.jpg,98,2.4424082096397144
"snoppy, having hamburger, wild, anime style",deepai_4_3_1_0.jpg,98,2.739741729287086
"snoppy, having hamburger, wild, realistic style",deepai_4_3_1_1.jpg,98,2.8782294852674615
"snoppy, having icecream, city, anime style",deepai_4_4_0_0.jpg,99,3.0102820653648323
"snoppy, having icecream, city, realistic style",deepai_4_4_0_1.jpg,99,2.4169909293741743
"snoppy, having icecream, wild, anime style",deepai_4_4_1_0.jpg,99,2.890524881853224
"snoppy, having icecream, wild, realistic style",deepai_4_4_1_1.jpg,99,2.152638679510321
"snoppy, playing baseball, city, anime style",deepai_4_6_0_0.jpg,101,2.927458700660802
"snoppy, playing baseball, city, anime style",dreamStudio_4_1_0_0.jpg,101,1.7287925635232857
"snoppy, playing baseball, city, realistic style",deepai_4_6_0_1.jpg,101,2.325176801
"snoppy, playing baseball, city, realistic style",dreamStudio_4_1_0_1.jpg,101,2.161891790815201
"snoppy, playing baseball, wild, anime style",deepai_4_6_1_0.jpg,101,3.2181379863422763
"snoppy, playing baseball, wild, anime style",dreamStudio_4_1_1_0.jpg,101,1.7444703180118457
"snoppy, playing baseball, wild, realistic style",deepai_4_6_1_1.jpg,101,2.4532749717379523
"snoppy, playing baseball, wild, realistic style",dreamStudio_4_1_1_1.jpg,101,1.3696882791222396
"snoppy, playing yoga, city, anime style",deepai_4_8_0_0.jpg,103,2.304563640344349
"snoppy, playing yoga, city, anime style",dreamStudio_4_3_0_0.jpg,103,1.3802859880366325
"snoppy, playing yoga, city, realistic style",deepai_4_8_0_1.jpg,103,2.124997707710464
"snoppy, playing yoga, city, realistic style",dreamStudio_4_3_0_1.jpg,103,1.4388633354555282
"snoppy, playing yoga, wild, anime style",deepai_4_8_1_0.jpg,103,2.699969762528146
"snoppy, playing yoga, wild, anime style",dreamStudio_4_3_1_0.jpg,103,1.2439394953531482
"snoppy, playing yoga, wild, realistic style",deepai_4_8_1_1.jpg,103,1.5806964716776903
"snoppy, playing yoga, wild, realistic style",dreamStudio_4_3_1_1.jpg,103,1.5362671587905783
"snoppy, using CD, city, anime style",deepai_4_9_0_0.jpg,104,2.944792510888916
"snoppy, using CD, city, anime style",dreamStudio_4_4_0_0.jpg,104,1.874006741411062
"snoppy, using CD, city, realistic style",deepai_4_9_0_1.jpg,104,3.071349514
"snoppy, using CD, city, realistic style",dreamStudio_4_4_0_1.jpg,104,0.2120659938253002
"snoppy, using CD, wild, anime style",deepai_4_9_1_0.jpg,104,2.029141473194196
"snoppy, using CD, wild, anime style",dreamStudio_4_4_1_0.jpg,104,0.357142962
"snoppy, using CD, wild, realistic style",deepai_4_9_1_1.jpg,104,2.7427699149330462
"snoppy, using CD, wild, realistic style",dreamStudio_4_4_1_1.jpg,104,0.2255610875511961
"teddy bear, driving aircraft, city, anime style",deepai_5_0_0_0.jpg,105,2.8637052215711987
"teddy bear, driving aircraft, city, realistic style",deepai_5_0_0_1.jpg,105,2.6715714622989166
"teddy bear, driving aircraft, wild, anime style",deepai_5_0_1_0.jpg,105,2.376584708508811
"teddy bear, driving aircraft, wild, realistic style",deepai_5_0_1_1.jpg,105,2.4272653299504947
"teddy bear, driving bike, city, anime style",deepai_5_1_0_0.jpg,106,2.8214275150373394
"teddy bear, driving bike, city, realistic style",deepai_5_1_0_1.jpg,106,2.9238000496615357
"teddy bear, driving bike, wild, anime style",deepai_5_1_1_0.jpg,106,2.096095680484215
"teddy bear, driving bike, wild, realistic style",deepai_5_1_1_1.jpg,106,2.210641460826271
"teddy bear, using laptop, city, anime style",deepai_5_10_0_0.jpg,107,3.0850241295616243
"teddy bear, using laptop, city, anime style",dreamStudio_5_5_0_0.jpg,107,1.295893663
"teddy bear, using laptop, city, realistic style",deepai_5_10_0_1.jpg,107,2.702805598986583
"teddy bear, using laptop, city, realistic style",dreamStudio_5_5_0_1.jpg,107,1.361637579023926
"teddy bear, using laptop, wild, anime style",deepai_5_10_1_0.jpg,107,2.6609281037976142
"teddy bear, using laptop, wild, anime style",dreamStudio_5_5_1_0.jpg,107,1.6545504477288977
"teddy bear, using laptop, wild, realistic style",deepai_5_10_1_1.jpg,107,2.939346813672673
"teddy bear, using laptop, wild, realistic style",dreamStudio_5_5_1_1.jpg,107,1.578947800103294
"teddy bear, using phone, city, anime style",deepai_5_11_0_0.jpg,108,3.3009815762243164
"teddy bear, using phone, city, anime style",dreamStudio_5_6_0_0.jpg,108,1.626873413203227
"teddy bear, using phone, city, realistic style",deepai_5_11_0_1.jpg,108,2.0755960114048624
"teddy bear, using phone, city, realistic style",dreamStudio_5_6_0_1.jpg,108,1.6443954615708634
"teddy bear, using phone, wild, anime style",deepai_5_11_1_0.jpg,108,2.7722570413854064
"teddy bear, using phone, wild, anime style",dreamStudio_5_6_1_0.jpg,108,1.6987057304426356
"teddy bear, using phone, wild, realistic style",deepai_5_11_1_1.jpg,108,3.0075847554046784
"teddy bear, using phone, wild, realistic style",dreamStudio_5_6_1_1.jpg,108,1.6604823604067434
"teddy bear, wearing hat, city, anime style",deepai_5_13_0_0.jpg,110,2.808647039742693
"teddy bear, wearing hat, city, anime style",dreamStudio_5_8_0_0.jpg,110,2.2340142046777633
"teddy bear, wearing hat, city, realistic style",deepai_5_13_0_1.jpg,110,3.2935229859389197
"teddy bear, wearing hat, city, realistic style",dreamStudio_5_8_0_1.jpg,110,1.992758144916243
"teddy bear, wearing hat, wild, anime style",deepai_5_13_1_0.jpg,110,3.828755210178215
"teddy bear, wearing hat, wild, anime style",dreamStudio_5_8_1_0.jpg,110,1.724126767710579
"teddy bear, wearing hat, wild, realistic style",deepai_5_13_1_1.jpg,110,2.3840930108592877
"teddy bear, wearing hat, wild, realistic style",dreamStudio_5_8_1_1.jpg,110,1.956786520016941
"teddy bear, wearing shirt, city, anime style",deepai_5_14_0_0.jpg,111,1.9586835973541197
"teddy bear, wearing shirt, city, anime style",dreamStudio_5_9_0_0.jpg,111,2.0357360513311695
"teddy bear, wearing shirt, city, realistic style",deepai_5_14_0_1.jpg,111,2.4323978628745277
"teddy bear, wearing shirt, city, realistic style",dreamStudio_5_9_0_1.jpg,111,2.044533348149034
"teddy bear, wearing shirt, wild, anime style",deepai_5_14_1_0.jpg,111,3.4433290659595723
"teddy bear, wearing shirt, wild, anime style",dreamStudio_5_9_1_0.jpg,111,1.6391410612386423
"teddy bear, wearing shirt, wild, realistic style",deepai_5_14_1_1.jpg,111,1.4454728048782346
"teddy bear, wearing shirt, wild, realistic style",dreamStudio_5_9_1_1.jpg,111,0.4082476805927479
"teddy bear, having hamburger, city, anime style",deepai_5_3_0_0.jpg,113,3.0669059854766916
"teddy bear, having hamburger, city, realistic style",deepai_5_3_0_1.jpg,113,2.186953846520402
"teddy bear, having hamburger, wild, anime style",deepai_5_3_1_0.jpg,113,2.626910852
"teddy bear, having hamburger, wild, realistic style",deepai_5_3_1_1.jpg,113,2.931455705471293
"teddy bear, having icecream, city, anime style",deepai_5_4_0_0.jpg,114,3.479657515539952
"teddy bear, having icecream, city, realistic style",deepai_5_4_0_1.jpg,114,3.2421697226758694
"teddy bear, having icecream, wild, anime style",deepai_5_4_1_0.jpg,114,2.9986984447192735
"teddy bear, having icecream, wild, realistic style",deepai_5_4_1_1.jpg,114,2.6705270432923864
"teddy bear, having pizza, city, anime style",deepai_5_5_0_0.jpg,115,2.7762166178153884
"teddy bear, having pizza, city, anime style",dreamStudio_5_0_0_0.jpg,115,1.8728222928832507
"teddy bear, having pizza, city, realistic style",deepai_5_5_0_1.jpg,115,2.359354758610893
"teddy bear, having pizza, city, realistic style",dreamStudio_5_0_0_1.jpg,115,1.9527991950366117
"teddy bear, having pizza, wild, anime style",deepai_5_5_1_0.jpg,115,2.796797314021924
"teddy bear, having pizza, wild, anime style",dreamStudio_5_0_1_0.jpg,115,2.317690134319535
"teddy bear, having pizza, wild, realistic style",deepai_5_5_1_1.jpg,115,2.691815559426226
"teddy bear, having pizza, wild, realistic style",dreamStudio_5_0_1_1.jpg,115,1.871349418862749
"teddy bear, playing baseball, city, anime style",deepai_5_6_0_0.jpg,116,2.251211597
"teddy bear, playing baseball, city, anime style",dreamStudio_5_1_0_0.jpg,116,2.124192109020657
"teddy bear, playing baseball, city, realistic style",deepai_5_6_0_1.jpg,116,2.2553757294477146
"teddy bear, playing baseball, city, realistic style",dreamStudio_5_1_0_1.jpg,116,2.123548458543786
"teddy bear, playing baseball, wild, anime style",deepai_5_6_1_0.jpg,116,2.100385637057428
"teddy bear, playing baseball, wild, anime style",dreamStudio_5_1_1_0.jpg,116,1.2503975492622437
"teddy bear, playing baseball, wild, realistic style",deepai_5_6_1_1.jpg,116,2.2285790401608465
"teddy bear, playing baseball, wild, realistic style",dreamStudio_5_1_1_1.jpg,116,2.379808221342409
"teddy bear, playing football, city, anime style",deepai_5_7_0_0.jpg,117,2.469420483466785
"teddy bear, playing football, city, anime style",dreamStudio_5_2_0_0.jpg,117,1.9678865776251364
"teddy bear, playing football, city, realistic style",deepai_5_7_0_1.jpg,117,2.530504233462958
"teddy bear, playing football, city, realistic style",dreamStudio_5_2_0_1.jpg,117,0.6796589950064874
"teddy bear, playing football, wild, anime style",deepai_5_7_1_0.jpg,117,3.2637903246912674
"teddy bear, playing football, wild, anime style",dreamStudio_5_2_1_0.jpg,117,1.6575202493838808
"teddy bear, playing football, wild, realistic style",deepai_5_7_1_1.jpg,117,4.042653167922772
"teddy bear, playing football, wild, realistic style",dreamStudio_5_2_1_1.jpg,117,2.1223064176758086
"teddy bear, using CD, city, anime style",deepai_5_9_0_0.jpg,119,2.6522223672300993
"teddy bear, using CD, city, anime style",dreamStudio_5_4_0_0.jpg,119,1.8046561495916056
"teddy bear, using CD, city, realistic style",deepai_5_9_0_1.jpg,119,2.743026896939021
"teddy bear, using CD, city, realistic style",dreamStudio_5_4_0_1.jpg,119,1.7407227596103108
"teddy bear, using CD, wild, anime style",deepai_5_9_1_0.jpg,119,1.930721832272127
"teddy bear, using CD, wild, anime style",dreamStudio_5_4_1_0.jpg,119,1.875162945845952
"teddy bear, using CD, wild, realistic style",deepai_5_9_1_1.jpg,119,3.066778004750098
"teddy bear, using CD, wild, realistic style",dreamStudio_5_4_1_1.jpg,119,1.9091143219873856
"kid, driving aircraft, city, anime style",deepai_6_0_0_0.jpg,120,2.6949406392148116
"kid, driving aircraft, city, realistic style",deepai_6_0_0_1.jpg,120,4.326972474989733
"kid, driving aircraft, wild, anime style",deepai_6_0_1_0.jpg,120,2.6174746210856816
"kid, driving aircraft, wild, realistic style",deepai_6_0_1_1.jpg,120,3.7681219403529407
"kid, driving bike, city, anime style",deepai_6_1_0_0.jpg,121,2.6737273207733048
"kid, driving bike, city, realistic style",deepai_6_1_0_1.jpg,121,2.5615708527316863
"kid, driving bike, wild, anime style",deepai_6_1_1_0.jpg,121,2.7658658089271424
"kid, driving bike, wild, realistic style",deepai_6_1_1_1.jpg,121,3.3618005867999745
"kid, using laptop, city, anime style",deepai_6_10_0_0.jpg,122,2.8350884200200053
"kid, using laptop, city, realistic style",deepai_6_10_0_1.jpg,122,2.9311542844980027
"kid, using laptop, wild, anime style",deepai_6_10_1_0.jpg,122,2.3530673252644716
"kid, using laptop, wild, realistic style",deepai_6_10_1_1.jpg,122,2.9951740676733123
"kid, using phone, city, anime style",deepai_6_11_0_0.jpg,123,2.707922326113526
"kid, using phone, city, realistic style",deepai_6_11_0_1.jpg,123,3.8882798919703663
"kid, using phone, wild, anime style",deepai_6_11_1_0.jpg,123,3.328843498631207
"kid, using phone, wild, realistic style",deepai_6_11_1_1.jpg,123,3.352088947365486
"kid, wearing coat, city, anime style",deepai_6_12_0_0.jpg,124,2.8035439611073336
"kid, wearing coat, city, realistic style",deepai_6_12_0_1.jpg,124,3.345186928329724
"kid, wearing coat, wild, anime style",deepai_6_12_1_0.jpg,124,2.688305220796834
"kid, wearing coat, wild, realistic style",deepai_6_12_1_1.jpg,124,3.430942170765654
"kid, wearing hat, city, anime style",deepai_6_13_0_0.jpg,125,3.4377702344793915
"kid, wearing hat, city, realistic style",deepai_6_13_0_1.jpg,125,3.118111660390578
"kid, wearing hat, wild, anime style",deepai_6_13_1_0.jpg,125,2.9403292201104363
"kid, wearing hat, wild, realistic style",deepai_6_13_1_1.jpg,125,3.3524743734660736
"kid, driving car, city, anime style",deepai_6_2_0_0.jpg,127,2.9564495296717315
"kid, driving car, city, realistic style",deepai_6_2_0_1.jpg,127,2.202310710629086
"kid, driving car, wild, anime style",deepai_6_2_1_0.jpg,127,2.6684869266830984
"kid, driving car, wild, realistic style",deepai_6_2_1_1.jpg,127,3.061975913187648
"kid, having hamburger, city, anime style",deepai_6_3_0_0.jpg,128,3.278519640228407
"kid, having hamburger, city, realistic style",deepai_6_3_0_1.jpg,128,3.1373203686115247
"kid, having hamburger, wild, anime style",deepai_6_3_1_0.jpg,128,2.987729484
"kid, having hamburger, wild, realistic style",deepai_6_3_1_1.jpg,128,2.910139440787106
"kid, having icecream, city, anime style",deepai_6_4_0_0.jpg,129,2.9100536977469265
"kid, having icecream, city, realistic style",deepai_6_4_0_1.jpg,129,2.9716596941798015
"kid, having icecream, wild, anime style",deepai_6_4_1_0.jpg,129,2.657339390465279
"kid, having icecream, wild, realistic style",deepai_6_4_1_1.jpg,129,3.467604863109257
"kid, having pizza, city, anime style",deepai_6_5_0_0.jpg,130,3.471001352821532
"kid, having pizza, city, realistic style",deepai_6_5_0_1.jpg,130,2.970895029163906
"kid, having pizza, wild, anime style",deepai_6_5_1_0.jpg,130,2.681324827058128
"kid, having pizza, wild, realistic style",deepai_6_5_1_1.jpg,130,4.287478073165207
"kid, playing football, city, anime style",deepai_6_7_0_0.jpg,132,2.5312561640747853
"kid, playing football, city, realistic style",deepai_6_7_0_1.jpg,132,3.035827126922629
"kid, playing football, wild, anime style",deepai_6_7_1_0.jpg,132,2.620956915056489
"kid, playing football, wild, realistic style",deepai_6_7_1_1.jpg,132,2.103653199357197
"kid, playing yoga, city, anime style",deepai_6_8_0_0.jpg,133,2.133249397595325
"kid, playing yoga, city, realistic style",deepai_6_8_0_1.jpg,133,2.658051723
"kid, playing yoga, wild, anime style",deepai_6_8_1_0.jpg,133,2.9945510322994364
"kid, playing yoga, wild, realistic style",deepai_6_8_1_1.jpg,133,2.1383547387299378
"kid, using CD, city, anime style",deepai_6_9_0_0.jpg,134,2.985256986896803
"kid, using CD, city, realistic style",deepai_6_9_0_1.jpg,134,2.932392400679953
"kid, using CD, wild, anime style",deepai_6_9_1_0.jpg,134,2.719041260911834
"kid, using CD, wild, realistic style",deepai_6_9_1_1.jpg,134,3.0800038776085255
"man, driving aircraft, city, anime style",deepai_7_0_0_0.jpg,135,2.9878697032180175
"man, driving aircraft, city, realistic style",deepai_7_0_0_1.jpg,135,4.7996387232411415
"man, driving aircraft, wild, anime style",deepai_7_0_1_0.jpg,135,3.261752471005074
"man, driving aircraft, wild, realistic style",deepai_7_0_1_1.jpg,135,3.0561182836907785
"man, driving bike, city, anime style",deepai_7_1_0_0.jpg,136,2.39732546
"man, driving bike, city, realistic style",deepai_7_1_0_1.jpg,136,3.427889742
"man, driving bike, wild, anime style",deepai_7_1_1_0.jpg,136,3.2629218605635284
"man, driving bike, wild, realistic style",deepai_7_1_1_1.jpg,136,2.847384669474931
"man, using laptop, city, anime style",deepai_7_10_0_0.jpg,137,2.490568222827769
"man, using laptop, city, anime style",dreamStudio_6_5_0_0.jpg,137,2.002489484942369
"man, using laptop, city, realistic style",deepai_7_10_0_1.jpg,137,3.6514819563548326
"man, using laptop, city, realistic style",dreamStudio_6_5_0_1.jpg,137,1.261751936452175
"man, using laptop, wild, anime style",deepai_7_10_1_0.jpg,137,2.6193338678926845
"man, using laptop, wild, anime style",dreamStudio_6_5_1_0.jpg,137,2.0129468065850507
"man, using laptop, wild, realistic style",deepai_7_10_1_1.jpg,137,2.6811560060505295
"man, using laptop, wild, realistic style",dreamStudio_6_5_1_1.jpg,137,1.4321909393765384
"man, wearing hat, city, anime style",deepai_7_13_0_0.jpg,140,2.627433488405267
"man, wearing hat, city, anime style",dreamStudio_6_8_0_0.jpg,140,2.236327856
"man, wearing hat, city, realistic style",deepai_7_13_0_1.jpg,140,4.607223336556273
"man, wearing hat, city, realistic style",dreamStudio_6_8_0_1.jpg,140,2.865539601
"man, wearing hat, wild, anime style",deepai_7_13_1_0.jpg,140,3.1207684261779645
"man, wearing hat, wild, anime style",dreamStudio_6_8_1_0.jpg,140,1.4798851621391789
"man, wearing hat, wild, realistic style",deepai_7_13_1_1.jpg,140,3.185411403467083
"man, wearing hat, wild, realistic style",dreamStudio_6_8_1_1.jpg,140,3.069217090333969
"man, wearing shirt, city, anime style",deepai_7_14_0_0.jpg,141,3.0101425926044785
"man, wearing shirt, city, anime style",dreamStudio_6_9_0_0.jpg,141,0.0
"man, wearing shirt, city, realistic style",deepai_7_14_0_1.jpg,141,4.260295012
"man, wearing shirt, city, realistic style",dreamStudio_6_9_0_1.jpg,141,1.9651109541803913
"man, wearing shirt, wild, anime style",deepai_7_14_1_0.jpg,141,3.5880527440900547
"man, wearing shirt, wild, anime style",dreamStudio_6_9_1_0.jpg,141,2.804391315013344
"man, wearing shirt, wild, realistic style",deepai_7_14_1_1.jpg,141,3.325960058419524
"man, wearing shirt, wild, realistic style",dreamStudio_6_9_1_1.jpg,141,1.803817233145449
"man, driving car, city, anime style",deepai_7_2_0_0.jpg,142,3.2485555890673017
"man, driving car, city, realistic style",deepai_7_2_0_1.jpg,142,2.572057629086884
"man, driving car, wild, anime style",deepai_7_2_1_0.jpg,142,2.4572562767927835
"man, driving car, wild, realistic style",deepai_7_2_1_1.jpg,142,3.3488478296035633
"man, having hamburger, city, anime style",deepai_7_3_0_0.jpg,143,2.618073011476788
"man, having hamburger, city, realistic style",deepai_7_3_0_1.jpg,143,3.112203730316986
"man, having hamburger, wild, anime style",deepai_7_3_1_0.jpg,143,2.359499101895504
"man, having hamburger, wild, realistic style",deepai_7_3_1_1.jpg,143,3.7992165426380593
"man, having icecream, city, anime style",deepai_7_4_0_0.jpg,144,3.262183640085479
"man, having icecream, city, realistic style",deepai_7_4_0_1.jpg,144,3.1616143596250157
"man, having icecream, wild, anime style",deepai_7_4_1_0.jpg,144,2.871319479915184
"man, having icecream, wild, realistic style",deepai_7_4_1_1.jpg,144,3.0305187007619967
"man, having pizza, city, anime style",deepai_7_5_0_0.jpg,145,3.0258713627467797
"man, having pizza, city, anime style",dreamStudio_6_0_0_0.jpg,145,2.682676000930225
"man, having pizza, city, realistic style",deepai_7_5_0_1.jpg,145,4.044364566
"man, having pizza, city, realistic style",dreamStudio_6_0_0_1.jpg,145,2.764259977190518
"man, having pizza, wild, anime style",deepai_7_5_1_0.jpg,145,2.523947189747924
"man, having pizza, wild, anime style",dreamStudio_6_0_1_0.jpg,145,0.6892008989220204
"man, having pizza, wild, realistic style",deepai_7_5_1_1.jpg,145,2.4681996144627303
"man, having pizza, wild, realistic style",dreamStudio_6_0_1_1.jpg,145,1.6963994027167075
"man, playing baseball, city, anime style",deepai_7_6_0_0.jpg,146,3.2472977424022345
"man, playing baseball, city, anime style",dreamStudio_6_1_0_0.jpg,146,1.997680755475142
"man, playing baseball, city, realistic style",deepai_7_6_0_1.jpg,146,1.855141862814434
"man, playing baseball, city, realistic style",dreamStudio_6_1_0_1.jpg,146,1.5023687655415847
"man, playing baseball, wild, anime style",deepai_7_6_1_0.jpg,146,3.114000050467705
"man, playing baseball, wild, anime style",dreamStudio_6_1_1_0.jpg,146,2.038736549645135
"man, playing baseball, wild, realistic style",deepai_7_6_1_1.jpg,146,3.328557915205721
"man, playing baseball, wild, realistic style",dreamStudio_6_1_1_1.jpg,146,1.9037484935533948
"man, playing football, city, anime style",deepai_7_7_0_0.jpg,147,2.8817534728122784
"man, playing football, city, anime style",dreamStudio_6_2_0_0.jpg,147,2.7065505983567864
"man, playing football, city, realistic style",deepai_7_7_0_1.jpg,147,3.205538052990965
"man, playing football, city, realistic style",dreamStudio_6_2_0_1.jpg,147,1.6093064004342217
"man, playing football, wild, anime style",deepai_7_7_1_0.jpg,147,3.054931382173066
"man, playing football, wild, anime style",dreamStudio_6_2_1_0.jpg,147,0.3404259554370622
"man, playing football, wild, realistic style",deepai_7_7_1_1.jpg,147,2.7754014934828386
"man, playing football, wild, realistic style",dreamStudio_6_2_1_1.jpg,147,1.194123771103606
"man, using CD, city, anime style",deepai_7_9_0_0.jpg,149,3.306505587
"man, using CD, city, anime style",dreamStudio_6_4_0_0.jpg,149,2.337633756735624
"man, using CD, city, realistic style",deepai_7_9_0_1.jpg,149,3.1069520436273574
"man, using CD, city, realistic style",dreamStudio_6_4_0_1.jpg,149,0.0
"man, using CD, wild, anime style",deepai_7_9_1_0.jpg,149,3.119349020801104
"man, using CD, wild, anime style",dreamStudio_6_4_1_0.jpg,149,1.6302245490129883
"man, using CD, wild, realistic style",deepai_7_9_1_1.jpg,149,3.8983886717805647
"man, using CD, wild, realistic style",dreamStudio_6_4_1_1.jpg,149,0.3282259817216417
"woman, driving aircraft, city, anime style",deepai_8_0_0_0.jpg,150,2.9883708711837063
"woman, driving aircraft, city, realistic style",deepai_8_0_0_1.jpg,150,3.747633299515488
"woman, driving aircraft, wild, anime style",deepai_8_0_1_0.jpg,150,2.3292625590395697
"woman, driving aircraft, wild, realistic style",deepai_8_0_1_1.jpg,150,3.986808698071111
"woman, driving bike, city, anime style",deepai_8_1_0_0.jpg,151,3.0118482670162052
"woman, driving bike, city, realistic style",deepai_8_1_0_1.jpg,151,3.874209179838025
"woman, driving bike, wild, anime style",deepai_8_1_1_0.jpg,151,2.634430540810227
"woman, driving bike, wild, realistic style",deepai_8_1_1_1.jpg,151,2.9199152814227416
"woman, using laptop, city, anime style",deepai_8_10_0_0.jpg,152,2.5223581100704613
"woman, using laptop, city, anime style",dreamStudio_7_5_0_0.jpg,152,1.5478824844232255
"woman, using laptop, city, realistic style",deepai_8_10_0_1.jpg,152,3.314756034439703
"woman, using laptop, city, realistic style",dreamStudio_7_5_0_1.jpg,152,0.3925288247466516
"woman, using laptop, wild, anime style",deepai_8_10_1_0.jpg,152,2.5515148563795904
"woman, using laptop, wild, anime style",dreamStudio_7_5_1_0.jpg,152,1.4221384483178456
"woman, using laptop, wild, realistic style",deepai_8_10_1_1.jpg,152,2.817816219787151
"woman, using laptop, wild, realistic style",dreamStudio_7_5_1_1.jpg,152,2.033295166192222
"woman, using phone, city, anime style",deepai_8_11_0_0.jpg,153,2.344689254773755
"woman, using phone, city, anime style",dreamStudio_7_6_0_0.jpg,153,2.6585485773687676
"woman, using phone, city, realistic style",deepai_8_11_0_1.jpg,153,3.0837959366195693
"woman, using phone, city, realistic style",dreamStudio_7_6_0_1.jpg,153,2.1005999792273227
"woman, using phone, wild, anime style",deepai_8_11_1_0.jpg,153,2.458275956999795
"woman, using phone, wild, anime style",dreamStudio_7_6_1_0.jpg,153,0.6540998950321218
"woman, using phone, wild, realistic style",deepai_8_11_1_1.jpg,153,2.9776430863032477
"woman, using phone, wild, realistic style",dreamStudio_7_6_1_1.jpg,153,1.1905689318647057
"woman, wearing coat, city, anime style",deepai_8_12_0_0.jpg,154,2.860603933896219
"woman, wearing coat, city, anime style",dreamStudio_7_7_0_0.jpg,154,1.631006787206495
"woman, wearing coat, city, realistic style",deepai_8_12_0_1.jpg,154,3.249109478848899
"woman, wearing coat, city, realistic style",dreamStudio_7_7_0_1.jpg,154,2.091326548927684
"woman, wearing coat, wild, anime style",deepai_8_12_1_0.jpg,154,2.981151657552118
"woman, wearing coat, wild, anime style",dreamStudio_7_7_1_0.jpg,154,2.086825817120173
"woman, wearing coat, wild, realistic style",deepai_8_12_1_1.jpg,154,3.3638291184064357
"woman, wearing coat, wild, realistic style",dreamStudio_7_7_1_1.jpg,154,1.9690115282162757
"woman, wearing hat, city, anime style",deepai_8_13_0_0.jpg,155,2.3891942899395704
"woman, wearing hat, city, anime style",dreamStudio_7_8_0_0.jpg,155,2.2445155757866164
"woman, wearing hat, city, realistic style",deepai_8_13_0_1.jpg,155,2.587342137994282
"woman, wearing hat, city, realistic style",dreamStudio_7_8_0_1.jpg,155,2.1946426165234976
"woman, wearing hat, wild, anime style",deepai_8_13_1_0.jpg,155,2.9425245092357386
"woman, wearing hat, wild, anime style",dreamStudio_7_8_1_0.jpg,155,2.3139007889510825
"woman, wearing hat, wild, realistic style",deepai_8_13_1_1.jpg,155,3.7561460946790066
"woman, wearing hat, wild, realistic style",dreamStudio_7_8_1_1.jpg,155,2.511615823405414
"woman, wearing shirt, city, anime style",deepai_8_14_0_0.jpg,156,3.1840137267150723
"woman, wearing shirt, city, anime style",dreamStudio_7_9_0_0.jpg,156,2.4616884197689433
"woman, wearing shirt, city, realistic style",deepai_8_14_0_1.jpg,156,3.327116652355558
"woman, wearing shirt, city, realistic style",dreamStudio_7_9_0_1.jpg,156,0.065347353
"woman, wearing shirt, wild, anime style",deepai_8_14_1_0.jpg,156,2.576886120364101
"woman, wearing shirt, wild, anime style",dreamStudio_7_9_1_0.jpg,156,0.5230552518228433
"woman, wearing shirt, wild, realistic style",deepai_8_14_1_1.jpg,156,3.2213624132633907
"woman, wearing shirt, wild, realistic style",dreamStudio_7_9_1_1.jpg,156,2.1513196735694904
"woman, driving car, city, anime style",deepai_8_2_0_0.jpg,157,2.7669542773998432
"woman, driving car, city, realistic style",deepai_8_2_0_1.jpg,157,2.810297384737349
"woman, driving car, wild, anime style",deepai_8_2_1_0.jpg,157,2.609954932742875
"woman, driving car, wild, realistic style",deepai_8_2_1_1.jpg,157,2.6559276752966983
"woman, having hamburger, city, anime style",deepai_8_3_0_0.jpg,158,3.100074238380901
"woman, having hamburger, city, realistic style",deepai_8_3_0_1.jpg,158,1.9244608434635508
"woman, having hamburger, wild, anime style",deepai_8_3_1_0.jpg,158,2.8644500187356736
"woman, having hamburger, wild, realistic style",deepai_8_3_1_1.jpg,158,2.7342045652134015
"woman, having icecream, city, anime style",deepai_8_4_0_0.jpg,159,3.6523143573329153
"woman, having icecream, city, realistic style",deepai_8_4_0_1.jpg,159,2.597195796571933
"woman, having icecream, wild, anime style",deepai_8_4_1_0.jpg,159,3.2228719076183157
"woman, having icecream, wild, realistic style",deepai_8_4_1_1.jpg,159,2.608129096661288
"woman, having pizza, city, anime style",deepai_8_5_0_0.jpg,160,3.1219857898886163
"woman, having pizza, city, anime style",dreamStudio_7_0_0_0.jpg,160,0.1067393573017811
"woman, having pizza, city, realistic style",deepai_8_5_0_1.jpg,160,3.088725123864893
"woman, having pizza, city, realistic style",dreamStudio_7_0_0_1.jpg,160,2.2936069185403407
"woman, having pizza, wild, anime style",deepai_8_5_1_0.jpg,160,2.447115982486144
"woman, having pizza, wild, anime style",dreamStudio_7_0_1_0.jpg,160,0.3068200179843752
"woman, having pizza, wild, realistic style",deepai_8_5_1_1.jpg,160,3.297129629775455
"woman, having pizza, wild, realistic style",dreamStudio_7_0_1_1.jpg,160,1.1597808555431774
"woman, playing baseball, city, anime style",deepai_8_6_0_0.jpg,161,2.840670548071218
"woman, playing baseball, city, anime style",dreamStudio_7_1_0_0.jpg,161,2.052147216991875
"woman, playing baseball, city, realistic style",deepai_8_6_0_1.jpg,161,2.3514024911337494
"woman, playing baseball, city, realistic style",dreamStudio_7_1_0_1.jpg,161,2.4819913198560117
"woman, playing baseball, wild, anime style",deepai_8_6_1_0.jpg,161,3.1191661613769366
"woman, playing baseball, wild, anime style",dreamStudio_7_1_1_0.jpg,161,2.2776501573127197
"woman, playing baseball, wild, realistic style",deepai_8_6_1_1.jpg,161,2.846522424707029
"woman, playing baseball, wild, realistic style",dreamStudio_7_1_1_1.jpg,161,1.025307258582121
"woman, playing football, city, anime style",deepai_8_7_0_0.jpg,162,2.6023934574331515
"woman, playing football, city, anime style",dreamStudio_7_2_0_0.jpg,162,2.065715908289365
"woman, playing football, city, realistic style",deepai_8_7_0_1.jpg,162,3.3825553771118733
"woman, playing football, city, realistic style",dreamStudio_7_2_0_1.jpg,162,1.8175292280725712
"woman, playing football, wild, anime style",deepai_8_7_1_0.jpg,162,2.591266040775753
"woman, playing football, wild, anime style",dreamStudio_7_2_1_0.jpg,162,2.6938736387142694
"woman, playing football, wild, realistic style",deepai_8_7_1_1.jpg,162,2.5236031606892673
"woman, playing football, wild, realistic style",dreamStudio_7_2_1_1.jpg,162,2.023062658200408
"woman, playing yoga, city, anime style",deepai_8_8_0_0.jpg,163,2.310270183
"woman, playing yoga, city, anime style",dreamStudio_7_3_0_0.jpg,163,1.5728543899320089
"woman, playing yoga, city, realistic style",deepai_8_8_0_1.jpg,163,2.4087031763396585
"woman, playing yoga, city, realistic style",dreamStudio_7_3_0_1.jpg,163,2.113094146651932
"woman, playing yoga, wild, anime style",deepai_8_8_1_0.jpg,163,2.306771336014769
"woman, playing yoga, wild, anime style",dreamStudio_7_3_1_0.jpg,163,2.164131686167601
"woman, playing yoga, wild, realistic style",deepai_8_8_1_1.jpg,163,3.369019243670635
"woman, playing yoga, wild, realistic style",dreamStudio_7_3_1_1.jpg,163,2.0665808671237005
"woman, using CD, city, anime style",deepai_8_9_0_0.jpg,164,2.4080731747782127
"woman, using CD, city, anime style",dreamStudio_7_4_0_0.jpg,164,1.8210563187611244
"woman, using CD, city, realistic style",deepai_8_9_0_1.jpg,164,2.0925764088523944
"woman, using CD, city, realistic style",dreamStudio_7_4_0_1.jpg,164,0.7778861900671352
"woman, using CD, wild, anime style",deepai_8_9_1_0.jpg,164,3.354544753257805
"woman, using CD, wild, anime style",dreamStudio_7_4_1_0.jpg,164,0.9962534580918302
"woman, using CD, wild, realistic style",deepai_8_9_1_1.jpg,164,3.124016645636525
"woman, using CD, wild, realistic style",dreamStudio_7_4_1_1.jpg,164,1.2171330201946875
"alien, driving aircraft, city, anime style",deepai_9_0_0_0.jpg,165,3.362415078672566
"alien, driving aircraft, city, realistic style",deepai_9_0_0_1.jpg,165,4.074428849489113
"alien, driving aircraft, wild, anime style",deepai_9_0_1_0.jpg,165,3.001962501725639
"alien, driving aircraft, wild, realistic style",deepai_9_0_1_1.jpg,165,4.422065847326173
"alien, using laptop, city, anime style",deepai_9_10_0_0.jpg,167,3.5158617413961406
"alien, using laptop, city, realistic style",deepai_9_10_0_1.jpg,167,3.829408646526677
"alien, using laptop, city, realistic style",dreamStudio_8_5_0_1.jpg,167,1.7948514114282228
"alien, using laptop, wild, anime style",deepai_9_10_1_0.jpg,167,2.575683320080231
"alien, using laptop, wild, anime style",dreamStudio_8_5_1_0.jpg,167,0.4797795231209372
"alien, using laptop, wild, realistic style",deepai_9_10_1_1.jpg,167,2.9794136153509467
"alien, using laptop, wild, realistic style",dreamStudio_8_5_1_1.jpg,167,1.0079940186339242
"alien, using laptop, city, anime style",dreamStudio_8_5_0_0.jpg,167,2.084115711537598
"alien, using phone, city, anime style",deepai_9_11_0_0.jpg,168,2.8913031957845443
"alien, using phone, city, anime style",dreamStudio_8_6_0_0.jpg,168,1.519423971180305
"alien, using phone, city, realistic style",deepai_9_11_0_1.jpg,168,2.5896175079846953
"alien, using phone, city, realistic style",dreamStudio_8_6_0_1.jpg,168,0.9631859623740802
"alien, using phone, wild, anime style",deepai_9_11_1_0.jpg,168,2.5972270504156834
"alien, using phone, wild, anime style",dreamStudio_8_6_1_0.jpg,168,1.6804163029926713
"alien, using phone, wild, realistic style",deepai_9_11_1_1.jpg,168,3.2208186376361763
"alien, using phone, wild, realistic style",dreamStudio_8_6_1_1.jpg,168,0.5480513389463769
"alien, wearing coat, city, anime style",deepai_9_12_0_0.jpg,169,2.940955655160127
"alien, wearing coat, city, anime style",dreamStudio_8_7_0_0.jpg,169,1.7830605820601215
"alien, wearing coat, city, realistic style",deepai_9_12_0_1.jpg,169,3.299845986892422
"alien, wearing coat, city, realistic style",dreamStudio_8_7_0_1.jpg,169,2.253514715
"alien, wearing coat, wild, anime style",deepai_9_12_1_0.jpg,169,2.8171400114540273
"alien, wearing coat, wild, anime style",dreamStudio_8_7_1_0.jpg,169,0.2299619766836053
"alien, wearing coat, wild, realistic style",deepai_9_12_1_1.jpg,169,1.9382961032042705
"alien, wearing coat, wild, realistic style",dreamStudio_8_7_1_1.jpg,169,2.208382453393875
"alien, wearing hat, city, anime style",deepai_9_13_0_0.jpg,170,2.392298883473615
"alien, wearing hat, city, anime style",dreamStudio_8_8_0_0.jpg,170,1.91430671
"alien, wearing hat, city, realistic style",deepai_9_13_0_1.jpg,170,3.304106099251976
"alien, wearing hat, city, realistic style",dreamStudio_8_8_0_1.jpg,170,1.0239161585165355
"alien, wearing hat, wild, anime style",deepai_9_13_1_0.jpg,170,2.2624216406247504
"alien, wearing hat, wild, anime style",dreamStudio_8_8_1_0.jpg,170,2.320733272
"alien, wearing hat, wild, realistic style",deepai_9_13_1_1.jpg,170,2.6629692283111672
"alien, wearing hat, wild, realistic style",dreamStudio_8_8_1_1.jpg,170,1.7484202019631438
"alien, wearing shirt, city, anime style",deepai_9_14_0_0.jpg,171,2.7612373925012736
"alien, wearing shirt, city, anime style",dreamStudio_8_9_0_0.jpg,171,1.4402272437316934
"alien, wearing shirt, city, realistic style",deepai_9_14_0_1.jpg,171,3.6465895473361822
"alien, wearing shirt, city, realistic style",dreamStudio_8_9_0_1.jpg,171,0.016814678
"alien, wearing shirt, wild, anime style",deepai_9_14_1_0.jpg,171,2.308940643970244
"alien, wearing shirt, wild, anime style",dreamStudio_8_9_1_0.jpg,171,0.6081769257617308
"alien, wearing shirt, wild, realistic style",deepai_9_14_1_1.jpg,171,3.847000230411578
"alien, wearing shirt, wild, realistic style",dreamStudio_8_9_1_1.jpg,171,0.4414155439958131
"alien, driving car, city, anime style",deepai_9_2_0_0.jpg,172,2.9034898166927765
"alien, driving car, city, realistic style",deepai_9_2_0_1.jpg,172,3.066436132573106
"alien, driving car, wild, anime style",deepai_9_2_1_0.jpg,172,3.127910475726202
"alien, driving car, wild, realistic style",deepai_9_2_1_1.jpg,172,3.468469235715027
"alien, having hamburger, city, anime style",deepai_9_3_0_0.jpg,173,3.0314707383997286
"alien, having hamburger, city, realistic style",deepai_9_3_0_1.jpg,173,3.039853228695206
"alien, having hamburger, wild, anime style",deepai_9_3_1_0.jpg,173,2.5680512891242975
"alien, having hamburger, wild, realistic style",deepai_9_3_1_1.jpg,173,2.414117275034084
"alien, having icecream, city, anime style",deepai_9_4_0_0.jpg,174,2.153327683465864
"alien, having icecream, city, realistic style",deepai_9_4_0_1.jpg,174,2.465409829740869
"alien, having icecream, wild, anime style",deepai_9_4_1_0.jpg,174,2.933515583890572
"alien, having icecream, wild, realistic style",deepai_9_4_1_1.jpg,174,2.409125055091046
"alien, having pizza, city, anime style",deepai_9_5_0_0.jpg,175,3.0937565101013225
"alien, having pizza, city, anime style",dreamStudio_8_0_0_0.jpg,175,1.9582942148167903
"alien, having pizza, city, realistic style",deepai_9_5_0_1.jpg,175,2.3372205503339747
"alien, having pizza, city, realistic style",dreamStudio_8_0_0_1.jpg,175,2.1671465806485664
"alien, having pizza, wild, anime style",deepai_9_5_1_0.jpg,175,2.8240804177808925
"alien, having pizza, wild, anime style",dreamStudio_8_0_1_0.jpg,175,2.0666855191047073
"alien, having pizza, wild, realistic style",deepai_9_5_1_1.jpg,175,2.8668830231756943
"alien, having pizza, wild, realistic style",dreamStudio_8_0_1_1.jpg,175,2.290224560637543
"alien, playing baseball, city, anime style",deepai_9_6_0_0.jpg,176,3.187209133247893
"alien, playing baseball, city, anime style",dreamStudio_8_1_0_0.jpg,176,2.000183652759016
"alien, playing baseball, city, realistic style",deepai_9_6_0_1.jpg,176,3.1210420668501935
"alien, playing baseball, city, realistic style",dreamStudio_8_1_0_1.jpg,176,1.3653366681545298
"alien, playing baseball, wild, anime style",deepai_9_6_1_0.jpg,176,2.7459300055677853
"alien, playing baseball, wild, anime style",dreamStudio_8_1_1_0.jpg,176,0.9118339419051784
"alien, playing baseball, wild, realistic style",deepai_9_6_1_1.jpg,176,3.134373148874395
"alien, playing baseball, wild, realistic style",dreamStudio_8_1_1_1.jpg,176,0.6920654301928758
"alien, playing football, city, anime style",deepai_9_7_0_0.jpg,177,2.593813840818802
"alien, playing football, city, anime style",dreamStudio_8_2_0_0.jpg,177,1.6851138037924662
"alien, playing football, city, realistic style",deepai_9_7_0_1.jpg,177,3.321081687817445
"alien, playing football, city, realistic style",dreamStudio_8_2_0_1.jpg,177,1.5588021355971555
"alien, playing football, wild, anime style",deepai_9_7_1_0.jpg,177,2.431844269201167
"alien, playing football, wild, anime style",dreamStudio_8_2_1_0.jpg,177,1.2457617644991386
"alien, playing football, wild, realistic style",deepai_9_7_1_1.jpg,177,2.581406163262106
"alien, playing football, wild, realistic style",dreamStudio_8_2_1_1.jpg,177,0.6008160824881243
"alien, using CD, city, anime style",deepai_9_9_0_0.jpg,179,3.227773050205056
"alien, using CD, city, anime style",dreamStudio_8_4_0_0.jpg,179,1.6519876951817627
"alien, using CD, city, realistic style",deepai_9_9_0_1.jpg,179,2.852939438900782
"alien, using CD, city, realistic style",dreamStudio_8_4_0_1.jpg,179,1.9933084677622437
"alien, using CD, wild, anime style",deepai_9_9_1_0.jpg,179,1.9236336091179616
"alien, using CD, wild, anime style",dreamStudio_8_4_1_0.jpg,179,1.014558691338885
"alien, using CD, wild, realistic style",deepai_9_9_1_1.jpg,179,3.350005276
"alien, using CD, wild, realistic style",dreamStudio_8_4_1_1.jpg,179,1.7201972027540398
